true_label,bert-base_prediction,bert-base_probability,PubMedBERT_prediction,PubMedBERT_probability,BiomedBERT_prediction,BiomedBERT_probability,Scibert_prediction,Scibert_probability,biobert_prediction,biobert_probability,BioLinkBERT_prediction,BioLinkBERT_probability,Bio_ClinicalBERT_prediction,Bio_ClinicalBERT_probability
1,1,0.98160857,1,0.98895675,1,0.9766517,1,0.98294824,1,0.9874068,1,0.96502584,1,0.9497012
1,1,0.9723975,1,0.513238,1,0.5200211,1,0.96795267,1,0.9765495,1,0.96477306,1,0.8161012
1,1,0.966817,1,0.9889313,1,0.96415615,1,0.9790066,1,0.9906515,1,0.96150434,1,0.93627906
1,1,0.985637,1,0.988472,1,0.9765669,1,0.9757805,1,0.9902464,1,0.9646596,1,0.9611667
1,1,0.9829457,1,0.99119425,1,0.98575944,1,0.9658283,1,0.9880802,1,0.962304,1,0.94536674
1,1,0.986304,1,0.98952055,1,0.9699711,1,0.98102117,1,0.991236,1,0.9674971,1,0.94887334
1,1,0.92522407,1,0.93391514,1,0.9860517,1,0.97035843,1,0.98237246,1,0.9592123,1,0.7808305
1,1,0.93951476,1,0.93481237,1,0.95327765,1,0.948076,1,0.84134185,1,0.4840103,1,0.54218704
1,1,0.9844802,1,0.9772799,1,0.9465529,1,0.9816015,1,0.9895308,1,0.8941188,1,0.9543913
1,1,0.9140787,1,0.98638237,1,0.9884028,1,0.8725534,1,0.9778983,1,0.9545,1,0.9232676
1,0,0.92491734,0,0.9867166,0,0.9948383,0,0.9038573,0,0.9901264,0,0.91829365,0,0.9297236
1,1,0.9644474,1,0.98376423,1,0.97925615,1,0.97093475,1,0.9883896,1,0.94216675,1,0.8481247
1,1,0.9674969,1,0.99179137,1,0.98787445,1,0.98037934,1,0.99130136,1,0.9638946,1,0.93894154
1,1,0.9851334,1,0.9872444,1,0.9767964,1,0.98018104,1,0.9761604,1,0.9031112,1,0.9268068
1,1,0.9849658,1,0.9849449,1,0.90614367,1,0.9587902,1,0.9845766,1,0.93262494,1,0.9441013
1,1,0.94723755,1,0.97683674,1,0.9901148,1,0.9708463,1,0.9789934,1,0.9476315,1,0.94854957
1,1,0.98652714,1,0.99095684,1,0.98665315,1,0.98404133,1,0.98555815,1,0.96730775,1,0.94163233
1,1,0.97345054,1,0.8862897,1,0.91723317,7,0.4821399,1,0.7495264,1,0.87494886,1,0.94261014
1,4,0.91010076,1,0.5069243,4,0.9522945,4,0.8360166,4,0.5501792,4,0.92288274,4,0.96153367
1,0,0.9458028,0,0.97510934,0,0.93311256,0,0.9771358,0,0.99023646,0,0.7482393,0,0.9610134
1,1,0.9849273,1,0.9904227,1,0.97876096,1,0.9794105,1,0.98939055,1,0.97240126,1,0.96524006
1,1,0.9455895,1,0.98920596,1,0.9885848,1,0.9811383,1,0.97492754,1,0.95638406,5,0.51617295
1,1,0.98622173,1,0.9885035,1,0.97464705,1,0.9807648,1,0.9904046,1,0.9455734,1,0.94544464
1,4,0.9720543,4,0.80601466,4,0.8810061,4,0.93474364,4,0.86444634,4,0.93669325,4,0.97054344
1,1,0.9810417,1,0.99115753,1,0.98531044,1,0.9763515,1,0.9795018,1,0.9655126,1,0.9162051
1,1,0.9325193,1,0.84337336,1,0.97302645,1,0.93300307,1,0.6130636,1,0.9481453,0,0.66270256
1,1,0.9266856,1,0.9863391,1,0.9852438,1,0.930509,1,0.8946715,1,0.930281,1,0.8408577
1,1,0.97097605,1,0.9906827,1,0.9261538,1,0.97405165,1,0.978588,1,0.9672319,1,0.94009185
1,1,0.89041513,1,0.9900737,1,0.98925143,1,0.9765089,1,0.9886897,1,0.9625022,1,0.94581026
1,1,0.9788278,1,0.9849701,1,0.9896185,1,0.9287964,1,0.9888843,1,0.95251846,1,0.7921773
1,1,0.98334956,1,0.99042624,1,0.87482136,1,0.96510494,1,0.9886933,1,0.9690179,1,0.964586
1,1,0.9281487,0,0.88343763,1,0.85661966,1,0.83479923,1,0.8367183,1,0.9020908,0,0.5420071
1,1,0.96407896,1,0.9715872,1,0.99145025,1,0.9635184,1,0.9581854,1,0.9336812,1,0.94022673
1,1,0.9853735,1,0.986375,1,0.9801917,1,0.9518894,1,0.9824785,1,0.92099714,1,0.9270272
1,1,0.9751542,1,0.6821459,1,0.97699046,1,0.9585391,1,0.5815262,1,0.9455036,0,0.6000077
1,1,0.9130107,1,0.8936963,1,0.9771239,1,0.8784427,1,0.9708127,1,0.9063823,0,0.4832203
1,1,0.9047792,1,0.99112403,1,0.98623544,1,0.9499051,1,0.9847298,1,0.9612623,1,0.75097966
1,1,0.9460871,1,0.96795225,1,0.9799233,1,0.9705075,1,0.9600278,1,0.76305556,0,0.8984031
1,1,0.8772673,1,0.9801459,1,0.9842801,1,0.9645026,1,0.9857562,1,0.9594947,1,0.6968422
1,1,0.7902249,1,0.8995397,1,0.84040445,1,0.7855116,1,0.65279835,1,0.592605,0,0.6543681
1,1,0.9612444,1,0.8920797,1,0.55514795,1,0.98118293,1,0.85084134,1,0.94241834,1,0.48708037
1,1,0.9567405,1,0.92864126,1,0.96723783,1,0.96946555,1,0.94360244,1,0.947409,1,0.8372119
1,1,0.826622,1,0.98412365,1,0.97224855,1,0.8753793,1,0.97065556,1,0.90722805,1,0.94660693
1,1,0.9518382,1,0.9849695,1,0.9732974,1,0.5772681,1,0.9894951,1,0.87517864,0,0.50288606
1,1,0.97246313,1,0.9800859,1,0.9904757,1,0.9583134,1,0.9727524,1,0.9198835,1,0.9594067
1,1,0.9666018,1,0.98788494,1,0.9886204,1,0.9753086,1,0.97367305,1,0.9565656,1,0.91250855
1,1,0.95091945,0,0.8227349,1,0.5926605,1,0.5583838,1,0.95527196,1,0.5494645,1,0.8343376
1,1,0.9823553,1,0.9760885,1,0.97494656,1,0.9295672,1,0.98290265,1,0.7258695,1,0.7547333
1,1,0.9858065,1,0.98864704,1,0.98034495,1,0.98164237,1,0.99034506,1,0.9626618,1,0.94723845
1,1,0.97255015,1,0.98918533,1,0.98750997,1,0.95500314,1,0.98159754,1,0.96404415,1,0.9392745
1,1,0.7915985,1,0.98794824,1,0.98394644,1,0.98095465,1,0.9887582,1,0.96657217,1,0.9549327
1,1,0.984387,1,0.98793006,1,0.98134434,1,0.98013353,1,0.9887523,1,0.9650626,1,0.90783346
1,1,0.9823484,1,0.9877879,1,0.9826926,1,0.97872317,1,0.99088925,1,0.96817565,1,0.94618016
1,1,0.85569227,1,0.636353,1,0.8590412,1,0.9426261,1,0.7784901,1,0.89973944,0,0.61801106
1,1,0.96520054,1,0.65140134,1,0.9815735,1,0.9701379,1,0.88877416,1,0.7853705,0,0.979113
1,1,0.97577,1,0.98261124,1,0.97438794,1,0.9037367,1,0.9792436,1,0.83431,1,0.8856521
1,1,0.97535217,1,0.7506158,1,0.7108719,4,0.8027197,1,0.98802406,1,0.95626676,1,0.934002
1,1,0.95421594,1,0.71727437,1,0.94452894,1,0.9155689,1,0.6454267,1,0.913318,1,0.61657226
1,1,0.94947255,1,0.98748744,1,0.9879925,1,0.39461437,1,0.98946685,1,0.9535508,0,0.70924354
1,1,0.98458624,1,0.99150836,1,0.9833803,1,0.9819842,1,0.6119517,1,0.9713641,1,0.86142737
1,1,0.9238081,1,0.98206776,1,0.98684675,1,0.91438276,1,0.98419523,1,0.9529126,1,0.9373511
1,1,0.98261523,1,0.98452085,1,0.9790466,1,0.9803704,1,0.99087965,1,0.95709103,1,0.9344889
1,1,0.9356227,1,0.97022176,1,0.96894586,1,0.96684873,1,0.97158474,1,0.9622402,1,0.8671351
1,1,0.9688849,1,0.8298508,1,0.96094185,0,0.6911943,1,0.89739376,1,0.5643691,1,0.85796756
1,1,0.939353,1,0.98014426,1,0.98578566,1,0.9537319,1,0.96565765,1,0.9683507,1,0.8808884
1,1,0.96581805,1,0.98980486,1,0.9840222,1,0.9781607,1,0.9713551,1,0.9597125,1,0.959193
1,1,0.98502433,1,0.9645715,1,0.98930466,1,0.982591,1,0.99032545,1,0.95998466,1,0.9269803
1,1,0.98467815,1,0.97813374,1,0.93927526,1,0.97387105,1,0.98410994,1,0.94693005,1,0.9486368
1,1,0.98106384,1,0.9923326,1,0.9832456,1,0.98241085,1,0.99042296,1,0.96997404,1,0.95247304
1,7,0.8883826,7,0.74829465,7,0.97679293,7,0.9779057,7,0.93623817,7,0.91151434,1,0.55980283
1,1,0.7981203,0,0.9807897,1,0.6690871,0,0.5111732,1,0.95709103,0,0.6172272,0,0.8635743
1,1,0.9863874,1,0.98660904,1,0.9887369,1,0.983469,1,0.9110053,1,0.9026742,1,0.9602706
1,1,0.9862337,1,0.98845345,1,0.98010546,1,0.97511464,1,0.9911198,1,0.9637047,1,0.93832785
1,1,0.9864873,1,0.9920002,1,0.97112525,1,0.9823216,1,0.78877175,1,0.97504497,1,0.9663951
1,7,0.53847796,1,0.78245115,1,0.73406976,7,0.5967595,7,0.9342612,7,0.487934,7,0.6550672
9,9,0.91326535,9,0.9761816,9,0.9518614,9,0.9256306,9,0.96724856,9,0.90453404,9,0.92285055
9,9,0.8704232,9,0.5376784,9,0.86827,13,0.797835,9,0.64844245,13,0.6005351,9,0.8434225
9,9,0.92766786,9,0.98199683,9,0.90827674,9,0.8932093,9,0.97903293,9,0.910368,9,0.9246207
9,9,0.9180446,9,0.9747229,9,0.90574247,9,0.89906317,9,0.96405864,9,0.9063757,9,0.934131
9,2,0.88042724,9,0.965349,9,0.8799389,9,0.7459726,9,0.6720757,9,0.5327204,9,0.6358742
9,9,0.816903,9,0.9754426,9,0.9283212,9,0.81598705,9,0.74136585,9,0.9234041,9,0.8918112
9,9,0.92154515,9,0.9748556,9,0.915769,9,0.9008242,9,0.97806734,9,0.83002913,9,0.91565543
9,9,0.89015037,9,0.94746023,9,0.71243465,9,0.83264905,9,0.97283924,9,0.83079475,9,0.9032348
9,9,0.921576,9,0.9824056,9,0.9485685,9,0.89411527,9,0.97772914,9,0.92226684,9,0.9237022
9,9,0.9247757,9,0.98247564,9,0.9458228,9,0.79264265,9,0.97847056,9,0.93034077,9,0.8577593
9,9,0.91813827,9,0.9764906,9,0.9448618,9,0.9224933,9,0.9803992,9,0.9010668,9,0.9115379
9,9,0.9273781,9,0.98237693,9,0.94098103,9,0.9167729,9,0.98001945,9,0.9329465,9,0.9203435
9,9,0.9156235,9,0.9737699,9,0.90205693,9,0.90999776,9,0.9634969,9,0.8339452,9,0.89224017
9,9,0.92404044,9,0.9811116,9,0.9394827,9,0.8898248,9,0.97818965,9,0.92805916,9,0.9020645
9,9,0.9166186,9,0.98134595,9,0.95298296,9,0.92449135,9,0.9748389,9,0.9025951,9,0.92425394
9,11,0.8498608,11,0.9768862,11,0.9757665,11,0.9495219,11,0.82919544,11,0.9308813,11,0.715643
9,9,0.92258126,9,0.9779457,9,0.90053046,9,0.89152807,9,0.9750924,9,0.85091054,9,0.91908264
9,9,0.88715035,9,0.98123884,9,0.94036967,9,0.8885948,9,0.9664038,9,0.82513547,9,0.7698345
0,0,0.8927596,0,0.72276384,0,0.98923385,0,0.9540111,0,0.9816813,1,0.6540299,0,0.88641715
0,0,0.97965074,0,0.9500755,0,0.9954175,0,0.98860836,0,0.9915462,0,0.96080136,0,0.9779327
0,1,0.93952906,1,0.68744177,1,0.97773725,1,0.8742238,1,0.75159186,1,0.96082073,1,0.5549548
0,0,0.9789531,0,0.99505913,0,0.99364847,0,0.9914402,0,0.993785,0,0.97694415,0,0.9802027
0,0,0.89516926,2,0.49720854,0,0.95917404,0,0.7620475,0,0.99059534,2,0.88288486,0,0.9849843
0,0,0.86738163,0,0.99326867,0,0.9894097,0,0.89365053,0,0.9923388,0,0.9071559,0,0.9518083
0,0,0.9592518,0,0.99345905,0,0.99483263,0,0.98565304,0,0.9950305,0,0.97247916,0,0.9833523
0,0,0.94879836,8,0.978916,0,0.98577154,0,0.72867894,8,0.592791,0,0.9645272,8,0.9235564
0,0,0.9853403,0,0.9757405,0,0.9939797,0,0.98931366,0,0.99511355,0,0.95000935,0,0.9883605
0,1,0.54488164,0,0.993996,0,0.8019782,0,0.9793866,0,0.9946227,0,0.77755207,0,0.81360346
0,0,0.984168,0,0.99363625,0,0.9949944,0,0.98668355,0,0.9948206,0,0.9705065,0,0.9885754
0,0,0.98390895,0,0.9952304,0,0.9964485,0,0.982235,0,0.9948301,0,0.97032344,0,0.9838225
0,3,0.8562683,0,0.94237655,0,0.9896479,0,0.86317194,0,0.86189157,0,0.8778803,0,0.8705898
0,0,0.98738664,0,0.9931855,0,0.99636877,0,0.98925614,0,0.99443096,0,0.9762887,0,0.9786976
0,0,0.9797825,0,0.9956066,0,0.9960998,0,0.9908785,0,0.99378973,1,0.36524713,0,0.98915136
0,0,0.697626,2,0.6360226,2,0.85048354,2,0.8687466,2,0.98269296,2,0.72871894,0,0.5078795
0,0,0.97714394,0,0.9863912,0,0.99523455,0,0.9801486,0,0.99428445,0,0.9158715,0,0.9433375
0,0,0.71276736,0,0.981065,0,0.96475863,0,0.96495,0,0.46144953,0,0.9521277,0,0.6239044
0,0,0.81421334,0,0.99025154,0,0.99568594,0,0.94117606,0,0.9934769,0,0.96994555,0,0.8662048
0,0,0.97126085,0,0.98957354,0,0.99659485,0,0.9864411,0,0.9942076,0,0.9664441,3,0.7661921
0,0,0.9778495,0,0.9955043,0,0.99608505,0,0.9776015,0,0.9944142,0,0.9716733,0,0.9820524
0,0,0.9663009,1,0.49108145,0,0.99310404,0,0.986906,0,0.99436766,0,0.9455005,0,0.92096823
0,0,0.9859,0,0.99531746,0,0.9956169,0,0.987668,0,0.9949987,0,0.97834605,0,0.97806484
0,0,0.97140944,0,0.99224734,0,0.98311126,0,0.8081481,0,0.9636094,0,0.90594465,0,0.8730103
0,0,0.93587804,0,0.95868313,0,0.9944359,0,0.98825604,0,0.99504673,0,0.8839273,0,0.98648167
0,0,0.98350084,0,0.98899335,0,0.99587363,0,0.99002635,0,0.99561465,0,0.92875826,0,0.98838115
0,0,0.9771662,0,0.8686629,0,0.9958865,0,0.9734455,0,0.9944758,0,0.9715726,0,0.9835719
0,0,0.9687381,0,0.9943453,0,0.99559826,0,0.9896633,0,0.99563956,0,0.9094594,0,0.9891276
0,2,0.8123664,3,0.46292213,0,0.97764343,0,0.9537191,0,0.9718222,0,0.8993069,2,0.7245027
0,0,0.97672063,0,0.99445254,0,0.99519414,0,0.9861829,0,0.9947024,0,0.9671299,0,0.8507648
0,3,0.53300864,0,0.9103305,0,0.8850365,0,0.49758238,0,0.8777099,1,0.74898326,0,0.975037
0,1,0.75627595,8,0.7380248,8,0.37608567,1,0.93130326,6,0.5991612,1,0.9080837,1,0.9078709
0,0,0.8836327,8,0.73406446,0,0.9666836,2,0.72826463,0,0.850399,13,0.5812773,0,0.8416585
0,3,0.47225356,6,0.97205406,6,0.95890826,6,0.77838206,6,0.98298603,6,0.8994979,6,0.61594516
0,2,0.6693206,0,0.9151667,0,0.9870222,0,0.71876115,0,0.9883309,0,0.95407176,0,0.9456478
0,0,0.9544734,0,0.9902298,0,0.99502194,0,0.9625994,0,0.9932761,0,0.92327523,0,0.97039884
0,0,0.9701685,0,0.9922443,0,0.9965004,0,0.9884515,0,0.9951763,0,0.9668095,0,0.98675275
0,0,0.98856366,0,0.99486154,0,0.9950596,0,0.98721606,0,0.99550796,0,0.9676289,3,0.6885359
0,1,0.63967776,0,0.89224225,0,0.99182993,0,0.98544335,0,0.9831049,1,0.6494479,1,0.88586676
0,0,0.98663646,0,0.9937005,0,0.9933136,0,0.9836362,0,0.9950203,0,0.9706585,0,0.9872414
0,0,0.97837716,0,0.995308,0,0.99659145,0,0.9901877,0,0.99542123,0,0.96997046,0,0.9873689
0,0,0.9770116,0,0.99539435,0,0.9950547,0,0.9904484,0,0.99499786,0,0.97470844,0,0.98707294
0,0,0.9693656,0,0.9930997,0,0.9963877,0,0.97697794,0,0.9948868,0,0.95770895,0,0.98037475
0,8,0.87494594,8,0.96671206,0,0.8000983,0,0.76739395,0,0.56484985,0,0.6479345,8,0.87797475
0,0,0.98706275,0,0.99520457,0,0.99445194,0,0.98888516,0,0.98629004,0,0.97420347,0,0.98667973
0,0,0.9474993,0,0.99170893,0,0.994055,0,0.9889079,0,0.9852815,0,0.9704559,0,0.83595854
0,0,0.9853535,0,0.99435353,0,0.9959565,0,0.98655045,0,0.993619,0,0.9757538,0,0.98934424
0,0,0.9129881,0,0.98147076,0,0.9952992,0,0.96142215,0,0.98603463,0,0.7145446,3,0.6031317
0,0,0.871003,0,0.99336904,0,0.9921704,0,0.9862775,0,0.9932001,0,0.97472405,0,0.9846846
0,0,0.9828845,0,0.9896465,0,0.9952395,0,0.98340374,0,0.9938076,0,0.9578627,0,0.8909748
0,0,0.95640653,2,0.70859635,0,0.9772678,0,0.9815563,0,0.9624917,0,0.97679406,2,0.965142
0,0,0.96388286,0,0.9771498,0,0.9946843,0,0.9887686,0,0.99532473,0,0.93494916,0,0.9853328
0,0,0.97936755,0,0.9946681,0,0.99556655,0,0.97318923,0,0.98939705,0,0.9603841,0,0.98274547
0,2,0.57943505,2,0.9546011,2,0.8277748,2,0.92822766,2,0.8406349,2,0.9020184,2,0.97397953
0,13,0.7915642,13,0.9313967,13,0.7210485,13,0.8519397,13,0.6948199,0,0.9716248,13,0.72940576
0,0,0.9801807,0,0.9951835,0,0.9951651,0,0.9923091,0,0.99504423,0,0.97497374,0,0.9863115
0,0,0.98225915,0,0.9875557,0,0.9959728,0,0.98555124,0,0.99306846,0,0.93917334,0,0.9327082
0,0,0.9800193,0,0.9926702,0,0.99629045,0,0.98929906,0,0.9948258,0,0.972637,0,0.9783569
0,0,0.9665699,0,0.99133754,0,0.99462634,0,0.96348655,0,0.9933462,0,0.95400393,0,0.98286057
0,13,0.68667924,13,0.9149763,13,0.8061395,13,0.88970304,13,0.9515145,13,0.8407099,13,0.528985
0,0,0.93621886,13,0.41265267,13,0.46739435,0,0.76666945,0,0.96169215,13,0.74120957,0,0.5047412
0,0,0.982932,0,0.9958574,0,0.9961494,0,0.9898482,0,0.9949587,0,0.9736995,0,0.95006365
0,0,0.923991,0,0.99175817,0,0.99419975,0,0.98324573,0,0.9911039,0,0.95965594,0,0.91893744
0,0,0.9774201,0,0.99609923,0,0.99644655,0,0.9894957,0,0.99558204,0,0.97379637,0,0.9854725
0,0,0.9084534,8,0.94189656,0,0.56177634,8,0.5595673,8,0.55752504,0,0.8254841,0,0.41067204
0,0,0.9800286,0,0.9935661,0,0.9952024,0,0.98466104,0,0.9955707,0,0.97032017,0,0.98865765
0,0,0.9664101,8,0.7382044,0,0.995905,0,0.9789817,0,0.98816586,0,0.9044681,0,0.9794515
0,0,0.885837,0,0.99407613,0,0.99684227,0,0.9866093,0,0.9945253,0,0.9724382,0,0.9768747
0,0,0.9571093,0,0.99301815,0,0.99338293,0,0.9814152,0,0.9933688,1,0.82999635,0,0.7037248
0,0,0.9775464,2,0.98765755,0,0.9938473,3,0.578014,2,0.94733745,2,0.6099213,0,0.98436964
0,0,0.9443486,0,0.99165386,0,0.9966903,0,0.98790234,0,0.9955101,0,0.95717543,0,0.88119256
0,0,0.97916436,0,0.99588865,0,0.9956334,0,0.9890893,0,0.9949384,0,0.97860384,0,0.98266083
0,0,0.9741123,0,0.9874834,0,0.9953361,0,0.98934025,0,0.9941784,0,0.9754675,0,0.98282015
0,13,0.6534516,13,0.8788203,13,0.7496022,0,0.61284435,0,0.6365828,0,0.9036363,13,0.87506306
0,1,0.64896697,0,0.9850146,0,0.98967105,0,0.8995977,0,0.5255992,1,0.9312489,0,0.9324698
0,0,0.97815186,0,0.9961892,0,0.9964232,0,0.9898511,0,0.9950983,0,0.9647728,0,0.9872225
0,0,0.9755309,0,0.9698898,0,0.9953388,0,0.98027736,0,0.9936393,0,0.9262952,0,0.9799606
0,0,0.98369366,0,0.9956963,0,0.9952905,0,0.9896316,0,0.9954815,0,0.9719024,0,0.98720086
0,0,0.98080677,0,0.99527645,0,0.9961035,0,0.98841584,0,0.9952573,0,0.9699046,0,0.98697156
0,2,0.6372501,0,0.9879931,0,0.98834014,0,0.43920937,3,0.5772523,0,0.564855,2,0.54454523
0,0,0.9808983,0,0.9953355,0,0.99643517,0,0.98709273,0,0.99561936,0,0.9761135,0,0.9876352
0,0,0.96886206,0,0.99483913,0,0.9965064,0,0.9792077,0,0.9955917,0,0.7819545,0,0.95033747
0,0,0.9585933,0,0.9799313,0,0.9936441,0,0.9843401,0,0.9823527,0,0.9656083,0,0.9712947
0,0,0.97885793,0,0.9795959,0,0.9958776,0,0.9867014,0,0.9944101,0,0.96234244,0,0.9847291
0,0,0.97588116,0,0.9932407,0,0.9948719,0,0.9852727,0,0.9940765,0,0.9666036,0,0.9826606
0,0,0.9792565,0,0.99627554,0,0.9959843,0,0.98866963,0,0.9952722,0,0.9793691,0,0.9882826
0,0,0.975629,0,0.9917355,0,0.9965283,0,0.9889521,0,0.99496305,0,0.96118253,0,0.98591644
0,0,0.92212003,0,0.99386543,0,0.9942655,1,0.64070946,0,0.9954886,0,0.9706661,0,0.5975635
0,0,0.9754091,0,0.99619734,0,0.99402255,0,0.9881441,0,0.994451,0,0.97389156,0,0.9802146
0,0,0.9751209,0,0.9912709,0,0.9963821,0,0.990229,0,0.99374783,0,0.9761672,0,0.98556364
0,0,0.93064386,2,0.56809866,0,0.9953294,0,0.982888,2,0.57468307,0,0.9713289,0,0.9637582
0,7,0.9622231,7,0.86670655,1,0.9179298,7,0.965853,7,0.97456115,1,0.51986796,7,0.92258525
0,0,0.96721643,0,0.9940977,0,0.9968501,0,0.9907616,0,0.9936212,0,0.9708837,0,0.98749536
0,0,0.83872944,0,0.99102646,0,0.98157847,0,0.9381518,0,0.9923185,0,0.91493857,0,0.95553875
0,0,0.91956234,0,0.9886956,0,0.98826605,0,0.9860606,0,0.99506736,0,0.95231116,0,0.9881535
0,0,0.9520751,0,0.9887917,0,0.99514884,0,0.98929334,0,0.9915742,0,0.96479577,0,0.9807387
0,0,0.98194224,0,0.9954074,0,0.9924907,0,0.98512334,0,0.9936718,0,0.9685998,0,0.98426545
0,0,0.9100609,0,0.9799208,0,0.9932139,0,0.95462185,0,0.978529,0,0.7188479,0,0.9843018
0,4,0.83629715,0,0.9940188,0,0.9906136,0,0.9781181,0,0.9795038,0,0.97787356,0,0.92011434
0,3,0.95094573,3,0.82640743,3,0.9657675,3,0.94720924,3,0.9810511,3,0.9424481,3,0.97726715
0,0,0.9769892,0,0.9943566,0,0.9965576,0,0.9884403,0,0.9957991,0,0.97141165,0,0.9889741
0,0,0.86195886,0,0.99520195,0,0.9959978,0,0.99023426,0,0.62118906,0,0.9755746,0,0.9474586
0,2,0.7900036,2,0.987861,2,0.76435584,2,0.82887435,2,0.96796554,2,0.9473876,2,0.54597765
0,2,0.523399,0,0.99409556,0,0.9956104,0,0.9881613,0,0.9944524,0,0.9707069,0,0.98475987
0,0,0.9698029,0,0.9925672,0,0.99462897,0,0.9886646,0,0.99481493,0,0.9508551,0,0.9833913
0,0,0.5877407,2,0.6549482,0,0.9762115,2,0.8925199,0,0.98363334,0,0.9589247,0,0.8956627
0,0,0.972902,0,0.994609,0,0.99537754,0,0.98022366,0,0.99380505,0,0.9520912,0,0.9845856
0,0,0.9807509,0,0.99587077,0,0.99496484,0,0.9878308,0,0.9950748,0,0.97842866,0,0.988316
0,0,0.94041497,2,0.75440973,0,0.9956684,0,0.98748267,0,0.9902103,0,0.96412206,0,0.98437816
0,0,0.9856564,0,0.9949537,0,0.9959753,0,0.97326815,0,0.987857,0,0.887251,0,0.9862613
0,0,0.83756685,2,0.9783568,0,0.9948042,2,0.8696544,2,0.96417457,0,0.9570097,2,0.972576
0,1,0.480858,1,0.5237261,0,0.8180162,4,0.5026057,1,0.7700505,1,0.92837626,0,0.95078295
0,0,0.956865,0,0.99618787,0,0.99284345,0,0.9882792,0,0.9956006,0,0.9759376,0,0.98690623
0,0,0.9756032,0,0.9934881,0,0.99627644,0,0.9883364,0,0.9936745,0,0.97306347,0,0.974853
0,0,0.98608786,0,0.9958603,0,0.9960305,0,0.8859502,0,0.99315166,0,0.97353846,0,0.9861303
0,0,0.9686664,0,0.991968,0,0.9955337,0,0.9895789,0,0.99357104,0,0.97180206,0,0.9862607
0,0,0.96101207,0,0.9958211,0,0.99494994,0,0.98519045,0,0.9948961,0,0.9597562,0,0.9846138
0,0,0.9836406,0,0.9945852,0,0.99635386,0,0.99037945,0,0.99549747,0,0.971123,0,0.9833413
0,0,0.9727225,0,0.9935582,0,0.98903173,0,0.9884715,0,0.99290884,1,0.85576403,0,0.97897834
0,0,0.984869,0,0.9953762,0,0.99496526,0,0.98994654,0,0.994753,0,0.9780595,0,0.9890843
0,0,0.87471145,0,0.9929214,0,0.9945569,0,0.97208786,0,0.9866203,0,0.9491097,0,0.97152746
0,0,0.97256076,0,0.5446803,0,0.9787127,5,0.701518,0,0.9657461,0,0.8947916,8,0.59770846
0,3,0.9723218,3,0.9908504,3,0.97234106,3,0.77125454,3,0.98998547,3,0.9655075,3,0.97224945
0,0,0.9880576,0,0.9956743,0,0.99672866,0,0.9901203,0,0.99066716,0,0.979071,0,0.9787202
0,1,0.6103399,0,0.7970551,1,0.91015816,1,0.63311714,0,0.9077526,0,0.5288419,1,0.58715886
0,0,0.9857125,0,0.9948894,0,0.99121046,0,0.9906866,0,0.9935091,0,0.9648627,0,0.98374313
0,0,0.9782868,0,0.9912889,0,0.9944254,0,0.9855538,0,0.9933074,0,0.96141034,0,0.86254525
0,0,0.9841815,0,0.9922287,0,0.99325776,0,0.9904232,0,0.99528426,0,0.952087,0,0.9881037
0,0,0.9814338,0,0.99527043,0,0.9925599,0,0.9865139,0,0.99427694,0,0.9739963,0,0.98890346
0,0,0.8326284,0,0.99345857,0,0.981817,0,0.97796017,0,0.85783625,0,0.9367822,0,0.7647837
0,0,0.8755898,0,0.9930629,0,0.99433327,0,0.97571045,0,0.99400383,0,0.973552,0,0.94967294
0,0,0.98619616,0,0.99501026,0,0.9939699,0,0.9830374,0,0.99379563,0,0.96408933,0,0.9862308
0,0,0.9799289,0,0.9950159,0,0.9962908,0,0.9904952,0,0.99410444,0,0.95672446,0,0.9863978
0,0,0.981942,0,0.9950181,0,0.9957378,0,0.9910908,0,0.9952443,0,0.9742464,0,0.98781395
0,0,0.93393606,0,0.9827344,0,0.9937716,0,0.981689,0,0.9934802,0,0.9595969,0,0.97731346
0,0,0.9664342,0,0.92131054,0,0.99262416,0,0.91846913,0,0.6225705,0,0.9659304,0,0.96484715
0,0,0.9408183,0,0.9902806,0,0.995846,0,0.98818505,0,0.99547064,0,0.9634442,0,0.9860793
0,0,0.9854118,0,0.99383014,0,0.9943903,0,0.9599428,0,0.9951508,0,0.9705433,0,0.9843572
0,0,0.94640636,0,0.99416995,0,0.9944219,0,0.607513,0,0.8812434,0,0.57347864,0,0.9677027
0,0,0.9839445,0,0.9951774,0,0.9963832,0,0.9878685,0,0.99266994,0,0.9641616,0,0.9874981
0,0,0.9582892,0,0.99232143,0,0.9949502,0,0.9827886,0,0.9929386,0,0.9669065,0,0.91232324
0,0,0.9768901,0,0.9718773,0,0.99192965,0,0.9887761,0,0.99227893,0,0.97686416,0,0.98874855
0,0,0.96677846,0,0.9838164,0,0.99617565,0,0.9854036,0,0.9943663,0,0.9666508,0,0.98460555
0,0,0.95851403,0,0.9796801,0,0.99540365,0,0.98609746,0,0.9926819,0,0.9568265,0,0.94746685
0,0,0.8427732,8,0.53910404,0,0.9637523,0,0.48924884,0,0.8095586,0,0.80419606,8,0.42788053
0,0,0.97527564,0,0.9934849,0,0.99382836,0,0.9750973,0,0.9926876,0,0.9733069,0,0.9811491
0,0,0.8389034,2,0.6470785,0,0.98744524,2,0.4924529,2,0.5738722,0,0.9033764,2,0.88882446
0,0,0.91892105,0,0.99373466,0,0.99628496,0,0.9890031,0,0.9950777,0,0.96640843,0,0.96503794
0,0,0.98327637,0,0.99552685,0,0.996411,0,0.98840135,0,0.99520314,0,0.97664046,0,0.98862565
0,0,0.81273925,2,0.5747784,0,0.98560625,0,0.8759015,2,0.5768473,0,0.46972665,0,0.45817557
0,0,0.9828425,0,0.9831033,0,0.9959998,0,0.98791295,0,0.99535584,0,0.9656276,0,0.9834675
0,0,0.9239045,0,0.98294467,0,0.9946232,0,0.97226936,0,0.9898323,0,0.9022188,0,0.97338146
0,0,0.9445498,0,0.98790133,0,0.98913634,0,0.85291606,0,0.9574156,0,0.81085503,0,0.9217445
0,0,0.9834223,0,0.99505013,0,0.99465215,0,0.991928,0,0.9947232,0,0.9645252,0,0.98796684
0,0,0.9538615,0,0.9884222,0,0.9962903,0,0.98594576,0,0.9896918,0,0.97054446,0,0.96933323
0,0,0.9730219,0,0.993554,0,0.9916494,0,0.9838157,0,0.99212074,0,0.9529477,0,0.98375297
0,0,0.9761929,0,0.9957437,0,0.995774,0,0.9901758,0,0.9952317,0,0.9698279,0,0.98838544
0,0,0.9768574,0,0.99504894,0,0.9920378,0,0.9375454,0,0.99353975,0,0.9698148,0,0.98193467
0,0,0.983101,0,0.99346584,0,0.9955682,0,0.9884758,0,0.9938769,0,0.96155745,0,0.9879633
0,0,0.96546394,0,0.99178183,0,0.99503326,0,0.98772985,0,0.9952018,0,0.95662475,0,0.9826376
0,0,0.97365713,0,0.99505085,0,0.995729,0,0.9883002,0,0.99525625,0,0.87107533,0,0.9863366
0,0,0.9299933,0,0.9912286,0,0.99650395,0,0.9865775,0,0.99512273,0,0.97052044,0,0.9877834
0,0,0.9829045,0,0.99442875,0,0.99545753,0,0.98999023,0,0.99452126,0,0.97366184,0,0.98725265
0,0,0.9875854,0,0.99410856,0,0.99491537,0,0.9886524,0,0.9952815,0,0.9745687,0,0.98838145
0,0,0.9783781,0,0.995046,0,0.9956279,0,0.98935425,0,0.99433005,0,0.9747618,0,0.98799837
0,0,0.9835284,0,0.9938625,0,0.9960431,0,0.9913043,0,0.99525476,0,0.8550679,0,0.9883307
0,0,0.97153926,0,0.9796693,0,0.9950955,0,0.98860544,0,0.9953564,0,0.95203716,0,0.98169315
0,1,0.93360054,0,0.98517585,1,0.68339556,1,0.8881282,1,0.79319537,1,0.57398605,1,0.5874903
0,0,0.4823669,0,0.93403924,0,0.9582312,2,0.9255204,2,0.9015035,0,0.80641574,2,0.70639807
0,0,0.98516536,0,0.9951934,0,0.99644727,0,0.9896513,0,0.9955129,0,0.9648444,0,0.9883292
0,0,0.9603954,0,0.9877466,0,0.9901545,0,0.9901474,0,0.9889102,0,0.96172845,0,0.9851028
0,1,0.62004375,8,0.618563,0,0.7316468,5,0.29545787,5,0.4937532,5,0.3778683,8,0.5860186
8,8,0.9109524,8,0.9821414,8,0.9853829,8,0.7252446,8,0.9866829,8,0.90981907,8,0.9083698
8,10,0.43917686,8,0.9824692,8,0.95787066,6,0.6514727,8,0.4869756,8,0.84680384,10,0.40250027
8,8,0.8618257,8,0.9654607,8,0.96276355,8,0.8293116,8,0.973444,8,0.8904934,8,0.91673774
8,0,0.9620505,0,0.99302775,0,0.99594384,0,0.9784735,0,0.9940772,0,0.94245845,0,0.9717865
8,2,0.75057113,8,0.9530185,2,0.5018239,10,0.5152725,8,0.92239714,8,0.74438983,8,0.5312512
8,8,0.6722357,8,0.9791839,8,0.9460298,8,0.94425344,8,0.9797046,8,0.9111134,8,0.92248386
8,3,0.48552108,0,0.5467787,3,0.54853594,0,0.2760005,0,0.74460244,3,0.40014333,8,0.8743127
8,8,0.917461,8,0.98283386,8,0.9840994,8,0.95456964,8,0.986555,8,0.9352128,8,0.9465503
8,0,0.49518394,8,0.9469249,8,0.86232936,0,0.59893644,0,0.4683686,0,0.48678166,0,0.44874647
8,8,0.5787204,5,0.9845569,5,0.98231345,8,0.4619447,5,0.98273546,5,0.9635894,5,0.8346525
8,5,0.7756348,8,0.9394643,5,0.96630895,5,0.7898657,8,0.85191184,5,0.75230676,5,0.9174116
8,8,0.6626052,8,0.9805192,8,0.9769009,8,0.5345853,8,0.97222406,8,0.8323227,8,0.9088027
8,3,0.3772319,8,0.9257051,8,0.9554663,6,0.3930037,8,0.9228068,6,0.46533334,8,0.8515791
8,8,0.8624141,8,0.9772519,8,0.9785751,8,0.92782265,8,0.98461944,8,0.93635315,8,0.8906698
8,5,0.70331556,8,0.80446213,8,0.97739583,8,0.7388037,8,0.98256093,8,0.8215004,8,0.9389213
8,8,0.8444953,8,0.98378235,8,0.9800631,8,0.9086907,8,0.9827811,0,0.66600895,8,0.9373803
8,8,0.79918575,8,0.9781578,8,0.979983,8,0.8487882,8,0.9854168,8,0.88995713,8,0.9345748
8,10,0.34591994,8,0.9671602,8,0.7908681,8,0.9101621,8,0.9585403,8,0.8157422,8,0.8803833
8,8,0.8018952,8,0.97491574,8,0.9798569,8,0.91160804,8,0.9795181,0,0.6360303,8,0.9255877
8,8,0.8680067,8,0.97677284,8,0.91759485,8,0.7328209,8,0.97325057,8,0.78388864,8,0.91340744
8,0,0.98139304,0,0.8631108,0,0.98856294,0,0.743987,0,0.94972914,0,0.9478915,0,0.6071461
7,7,0.96455294,7,0.9821107,7,0.97512066,7,0.9795009,7,0.98504007,7,0.96771,7,0.9733829
7,7,0.9598233,7,0.9853554,7,0.957649,7,0.97887826,7,0.98594517,7,0.9554478,7,0.9725037
7,7,0.8324531,7,0.9862601,7,0.83180994,7,0.97542894,7,0.98411185,7,0.9409524,7,0.96193135
7,7,0.894198,7,0.9881662,7,0.97082764,7,0.9791191,7,0.98352087,7,0.9592541,7,0.9655898
7,7,0.960757,7,0.9868369,7,0.96971065,7,0.9800336,7,0.9883887,7,0.9568767,7,0.9716765
7,7,0.96205735,7,0.9845435,7,0.97808814,7,0.9774385,7,0.9873991,7,0.9651222,7,0.9758192
7,7,0.9666472,7,0.9883267,7,0.97480553,7,0.9797825,7,0.98734236,7,0.9650464,7,0.9715909
7,7,0.96637547,7,0.98838544,7,0.97438824,7,0.97968847,7,0.9848385,7,0.9587269,7,0.97444654
7,2,0.7263187,7,0.68018097,7,0.8110371,7,0.97716856,2,0.9092918,2,0.69473577,7,0.9631856
7,7,0.9628136,7,0.98552805,7,0.97835815,7,0.9796505,7,0.987115,7,0.9694913,7,0.97487664
7,7,0.96312094,7,0.9609024,7,0.8254707,7,0.97955745,7,0.9766461,7,0.9655565,7,0.97410685
7,7,0.96721566,7,0.9887573,7,0.9641001,7,0.9789044,7,0.9871933,7,0.9567138,7,0.9745749
7,7,0.96227455,7,0.98649746,7,0.976222,7,0.9795815,7,0.98850155,7,0.96012264,7,0.9751668
7,7,0.9657412,7,0.98851925,7,0.97965074,7,0.98008144,7,0.98591876,7,0.96180904,7,0.9757717
7,7,0.9661509,7,0.98473984,7,0.9793362,7,0.97855914,7,0.98434734,7,0.9684152,7,0.97375476
7,7,0.9580405,7,0.9845159,7,0.97797555,7,0.97910815,7,0.9869757,7,0.96686304,7,0.9736882
7,7,0.9641043,7,0.9846895,7,0.89649117,7,0.9793743,7,0.98573756,7,0.9618247,7,0.9707629
7,7,0.9580227,7,0.9885611,7,0.9721948,7,0.97941923,7,0.9895427,7,0.9614379,7,0.9742295
7,7,0.9588517,7,0.986553,7,0.9787855,7,0.97978914,7,0.9870839,7,0.9637419,7,0.9742982
7,7,0.96688485,7,0.9885843,7,0.66325873,7,0.97687143,7,0.9849215,7,0.91956663,7,0.97216076
7,7,0.96530825,7,0.98670596,7,0.978643,7,0.9799575,7,0.98754555,7,0.9642681,7,0.9725223
7,7,0.9642926,7,0.9748208,7,0.96795905,7,0.9801546,7,0.9860059,7,0.96429706,7,0.9728568
2,3,0.9744955,3,0.9891599,3,0.9829426,3,0.973914,3,0.98736066,3,0.9217956,3,0.97424895
2,2,0.93191826,2,0.9459556,2,0.90871596,2,0.6585374,2,0.85475427,2,0.5760553,2,0.5828971
2,2,0.92343515,2,0.9874368,2,0.98062986,2,0.8830467,2,0.9854365,2,0.9404662,0,0.77334857
2,0,0.5169536,0,0.9792184,0,0.9330895,0,0.9714876,0,0.868009,0,0.92485434,0,0.5084457
2,2,0.7227853,2,0.9852454,2,0.9440527,2,0.9684529,2,0.96212864,2,0.43608373,2,0.93795836
2,0,0.96534324,2,0.97978175,0,0.95620155,2,0.6091237,0,0.99193454,0,0.6542826,0,0.86603314
2,0,0.97533154,2,0.97835267,0,0.8851584,0,0.8743008,2,0.8977113,0,0.84404755,0,0.98184264
2,0,0.5480503,2,0.86760896,0,0.92910844,0,0.9254321,2,0.9563943,2,0.44732118,0,0.90911424
2,2,0.973027,2,0.9818792,2,0.96385705,2,0.9671701,2,0.9589215,2,0.79154503,2,0.9675583
2,9,0.4597173,9,0.88178587,9,0.79906434,13,0.6134868,13,0.5003162,9,0.6108502,9,0.68675244
2,2,0.94455975,2,0.97279423,0,0.82201546,2,0.5613374,2,0.98004293,2,0.927555,2,0.6590864
2,2,0.9670424,2,0.98743165,2,0.9847814,2,0.9648958,2,0.9856688,2,0.9316489,2,0.97923356
2,2,0.9441987,2,0.97431016,2,0.9731982,2,0.8756936,2,0.88394743,2,0.85699624,2,0.9586337
2,0,0.9732443,2,0.98051524,0,0.5891758,2,0.6164015,2,0.6689769,2,0.5231645,0,0.9141347
2,9,0.41387105,0,0.9795348,0,0.9894498,13,0.7195006,0,0.84938323,0,0.8511991,9,0.41074032
2,2,0.9696249,2,0.9867921,2,0.985721,2,0.9735805,2,0.9855457,2,0.9418991,2,0.8964883
2,1,0.83023185,2,0.9879291,2,0.98471385,2,0.9711266,2,0.9813675,2,0.89040154,2,0.97948325
2,0,0.52460486,0,0.96747243,0,0.8825345,0,0.6745273,0,0.53496087,0,0.6580898,0,0.75939155
2,12,0.9043335,2,0.98117834,9,0.5457831,12,0.71365476,2,0.97928774,2,0.6332649,12,0.8542857
2,0,0.97553617,0,0.98929775,0,0.99649245,0,0.98793423,0,0.9947025,0,0.9620087,0,0.9861923
2,2,0.9627892,2,0.98977447,2,0.9876881,2,0.9152741,2,0.98734576,2,0.94247943,2,0.9798845
2,2,0.9580308,2,0.9829364,2,0.55367583,2,0.8742581,2,0.95248395,2,0.7884119,2,0.8800375
2,2,0.9734084,2,0.98937434,2,0.97972965,2,0.89950335,2,0.98027873,2,0.9494723,2,0.9619149
2,0,0.929427,2,0.97302824,2,0.98013556,2,0.87443006,2,0.9828825,2,0.9199403,0,0.97961134
2,2,0.93968475,2,0.9852351,2,0.9841383,2,0.9667935,2,0.9791726,2,0.93671334,2,0.71804583
2,2,0.9648493,2,0.9824377,2,0.9169447,2,0.96471834,2,0.9720232,2,0.8178556,2,0.9550514
2,0,0.5159704,2,0.9456236,2,0.7174993,2,0.69809246,0,0.49478775,2,0.94178677,2,0.9619394
2,9,0.9132914,9,0.8647959,9,0.76645,9,0.5543511,9,0.77748597,11,0.6409244,11,0.50356925
2,0,0.94705576,2,0.95178956,0,0.9381966,2,0.9060018,0,0.7313826,0,0.8623266,0,0.7356823
2,2,0.91609883,2,0.988154,2,0.9842689,2,0.88322586,2,0.9865254,2,0.8904239,2,0.97814834
2,2,0.958703,2,0.6991503,0,0.94405377,2,0.9126806,2,0.95129716,2,0.33824193,2,0.6687064
2,2,0.9612822,2,0.9865832,2,0.9828827,2,0.9715304,2,0.9735657,2,0.8987391,2,0.9623368
2,3,0.95390457,3,0.92702925,2,0.8789947,2,0.91496634,2,0.937408,2,0.9268716,3,0.85400754
2,2,0.9722186,2,0.98753405,2,0.98560625,2,0.97196025,2,0.9738713,2,0.89416754,2,0.96869266
2,2,0.9383749,2,0.98607606,2,0.938107,2,0.95204633,2,0.98351765,2,0.92644805,2,0.9178438
2,2,0.9660947,2,0.98028195,2,0.9775763,2,0.9498056,2,0.9675522,2,0.80217874,2,0.95025843
2,2,0.95927185,2,0.9888053,2,0.9858752,2,0.9496331,2,0.985449,2,0.9155634,2,0.97190225
2,2,0.95802206,2,0.95393634,2,0.96066064,2,0.7942517,2,0.89104855,2,0.64203924,2,0.84311676
2,2,0.97218186,2,0.9894043,2,0.9011994,2,0.920023,2,0.9861763,2,0.93308485,2,0.9799993
2,0,0.9745779,0,0.9415901,0,0.9400511,0,0.89681536,2,0.9522429,0,0.81788856,0,0.97453374
2,0,0.86242974,1,0.971982,1,0.84190047,1,0.823084,0,0.73270464,1,0.95887744,1,0.56307524
2,2,0.49125853,4,0.6474601,2,0.6159795,4,0.95247424,4,0.94189054,4,0.80646026,2,0.784511
6,6,0.92537934,6,0.97001046,6,0.9574379,6,0.6310273,6,0.84612435,6,0.9090622,6,0.6165007
6,6,0.93405515,6,0.9802256,6,0.97980356,6,0.920926,6,0.98000324,6,0.9388731,6,0.8253751
6,6,0.9196572,6,0.7957554,5,0.50703603,5,0.6999748,5,0.9319114,5,0.9432778,5,0.4582175
6,8,0.5424612,5,0.7427788,6,0.7674277,6,0.8362359,6,0.97192883,5,0.912826,6,0.47659367
6,6,0.89038706,6,0.98293716,6,0.98674613,6,0.93960625,6,0.97899663,6,0.94274646,6,0.750159
6,6,0.8414947,6,0.9816201,6,0.9815029,6,0.95138747,6,0.98624295,6,0.9326838,6,0.80830353
6,6,0.94468635,6,0.9748079,6,0.9846652,6,0.85908055,6,0.9840516,6,0.77519983,6,0.9233759
6,6,0.92653084,6,0.9826094,6,0.9859379,6,0.906209,6,0.9832199,6,0.9420036,6,0.86246073
6,6,0.89959365,6,0.97648036,6,0.97954947,6,0.76925385,6,0.9703592,6,0.9332855,6,0.90685
6,6,0.8470229,6,0.85951936,6,0.83764756,6,0.854769,6,0.9457321,10,0.442162,10,0.79961324
6,6,0.54719424,6,0.65993303,6,0.9217722,6,0.6839544,10,0.9087212,10,0.87665194,10,0.73529327
6,6,0.87898284,6,0.97274315,6,0.9853816,6,0.918682,6,0.9277729,6,0.9098981,6,0.8743412
6,6,0.6148948,6,0.78501105,6,0.7883713,6,0.50739753,10,0.6051539,6,0.6044548,10,0.7748374
6,6,0.89013547,6,0.95123386,6,0.9811468,6,0.84018433,6,0.96969336,6,0.8946214,6,0.92184937
6,6,0.94368684,6,0.9829791,6,0.983657,6,0.9589753,6,0.9841728,6,0.94290215,6,0.9343392
6,6,0.87407774,6,0.9402415,6,0.4801845,3,0.65346676,5,0.5748097,5,0.82434416,6,0.38649565
6,6,0.62561405,6,0.8469915,5,0.67083824,5,0.96635365,6,0.61097336,5,0.96712875,6,0.9175404
6,6,0.4394321,6,0.8922348,6,0.9275277,6,0.60550374,6,0.8662244,6,0.5426526,6,0.8763968
6,6,0.94117945,6,0.98102355,6,0.9856412,6,0.9440895,6,0.98579305,6,0.9322165,6,0.9018454
6,5,0.6485729,5,0.97279805,5,0.9065386,5,0.9123865,5,0.9833394,5,0.9672773,5,0.6634189
6,8,0.67399246,6,0.9268239,6,0.97953874,6,0.36389956,6,0.97777486,6,0.8280463,8,0.92324674
6,6,0.9347495,6,0.98423934,6,0.9834768,6,0.9556682,6,0.9874746,6,0.9358396,6,0.93640196
6,6,0.94184667,6,0.9769568,6,0.9830582,6,0.9502012,6,0.9842907,6,0.9434667,6,0.9117684
6,6,0.9443704,6,0.9692299,6,0.9810574,6,0.95108926,6,0.9858996,6,0.9449246,6,0.9307758
6,6,0.8336339,6,0.9788945,6,0.98488784,6,0.9044741,6,0.95687914,6,0.9140016,6,0.8145182
6,6,0.92890877,6,0.9808894,6,0.98495215,6,0.9545731,6,0.9883283,6,0.94556206,6,0.93029535
6,6,0.9470269,5,0.62660784,5,0.9465963,6,0.5763084,6,0.9683069,5,0.96711195,6,0.9413985
6,5,0.65733546,5,0.9854387,5,0.86116636,5,0.958417,5,0.9451337,5,0.95925796,5,0.84346586
6,6,0.9435843,6,0.9655457,6,0.97626764,6,0.94566697,6,0.95591736,6,0.85958594,6,0.9247492
6,6,0.70287514,6,0.92328966,6,0.95701915,6,0.9388348,6,0.9778641,6,0.48434544,10,0.7305044
4,4,0.98098755,4,0.97604287,4,0.9040361,4,0.9500739,4,0.9642878,4,0.8616334,4,0.8393257
4,4,0.9839729,4,0.9885908,4,0.94142795,4,0.95404375,4,0.9684092,4,0.93422407,4,0.9809156
4,4,0.97926944,4,0.9870631,4,0.96211845,4,0.95689493,4,0.9614196,4,0.9147351,4,0.97097284
4,4,0.98021555,4,0.98883003,4,0.8713383,4,0.9627616,4,0.9721718,4,0.8574371,4,0.95326465
4,1,0.9107553,2,0.95560944,1,0.39774743,4,0.63495356,4,0.89195174,1,0.6168707,1,0.71350825
4,4,0.9655173,1,0.4833366,4,0.9216605,4,0.92958605,4,0.940801,4,0.94460565,4,0.9643133
4,4,0.445273,2,0.98258317,2,0.89639723,2,0.6134949,4,0.8620806,2,0.95118034,0,0.6480999
4,4,0.9805432,4,0.985408,4,0.923051,4,0.94807434,4,0.96510404,4,0.4753265,4,0.96394676
4,4,0.98362005,4,0.966018,4,0.9410636,4,0.9492107,4,0.96614933,4,0.9473051,4,0.98029935
4,4,0.981625,4,0.98553145,4,0.93932015,4,0.954918,4,0.9538141,4,0.89908504,4,0.97245955
4,4,0.98395705,4,0.98864377,4,0.93916494,4,0.9611486,4,0.96848685,4,0.92413867,4,0.97638637
4,4,0.8933363,1,0.4175217,4,0.8093636,7,0.9232562,4,0.8427435,4,0.81449234,4,0.97488344
4,4,0.9843349,4,0.97280306,4,0.95998776,4,0.94352,4,0.96161896,4,0.9541515,4,0.98252535
4,4,0.9810068,4,0.9891595,4,0.9672203,4,0.95199275,4,0.9736137,4,0.96305096,4,0.98013616
4,4,0.9852609,4,0.97951365,4,0.9413549,4,0.9470183,4,0.96521795,4,0.9624957,4,0.98210573
4,1,0.888598,4,0.8586894,1,0.52450764,4,0.9271055,4,0.90673226,4,0.92276037,1,0.46640986
4,4,0.98182374,4,0.9325139,4,0.90236133,4,0.93636954,4,0.91261744,4,0.94945157,4,0.98041403
4,4,0.9837826,4,0.9894471,4,0.9637272,4,0.95652646,4,0.96521187,4,0.9549929,4,0.979627
4,4,0.98440796,4,0.9798007,4,0.95567364,4,0.94609636,4,0.96761435,4,0.92558044,4,0.9290101
4,4,0.98350036,4,0.9855219,4,0.9621674,4,0.95220834,4,0.9679391,4,0.9644037,4,0.97936547
4,4,0.97884136,4,0.92758477,4,0.92989844,4,0.9563567,4,0.9639953,4,0.894792,4,0.95656234
4,1,0.91896516,1,0.64086777,1,0.9129761,4,0.84042037,1,0.54821295,1,0.8316753,1,0.6849858
4,4,0.98134977,4,0.9894823,4,0.9674859,4,0.96199137,4,0.9759883,4,0.9426292,4,0.97597224
4,4,0.98246276,4,0.9867628,4,0.96590924,4,0.9591626,4,0.9705165,4,0.93248963,4,0.9809873
4,4,0.98500454,4,0.98196936,4,0.95883095,4,0.95273143,4,0.96426404,4,0.9639293,4,0.9793585
4,4,0.9838975,4,0.9893365,4,0.9565567,4,0.9557624,4,0.9711878,4,0.96365154,4,0.97971684
4,4,0.9524736,4,0.9630462,4,0.962646,4,0.95698184,4,0.96236527,4,0.5996998,4,0.9519369
4,4,0.9835743,4,0.98455703,4,0.9420308,4,0.94549614,4,0.9628198,4,0.88092494,4,0.6576382
4,4,0.9820049,4,0.9582731,4,0.9590961,4,0.9479371,4,0.9612517,4,0.9643515,4,0.98171544
4,4,0.98520803,4,0.9878748,4,0.9662369,4,0.9539673,4,0.9725399,4,0.9612302,4,0.9819803
4,4,0.98302597,4,0.98284644,4,0.9597163,4,0.9476806,4,0.9690763,4,0.9641614,4,0.9810082
4,4,0.98117995,4,0.9859869,4,0.93588996,4,0.9464288,4,0.9445642,4,0.96001583,4,0.98228663
4,4,0.97844166,4,0.98440415,4,0.9569132,4,0.95045376,4,0.96295375,4,0.9593285,4,0.98211056
3,3,0.9684074,3,0.987508,3,0.9916624,3,0.9661369,3,0.9858539,3,0.96041673,3,0.8294672
3,3,0.79142475,3,0.9867994,3,0.9873186,3,0.91676754,3,0.98543537,3,0.96828806,3,0.9625286
3,3,0.9502715,3,0.9697347,3,0.9624746,3,0.9705568,3,0.98314476,3,0.87372744,3,0.91399634
3,3,0.9684047,3,0.98440754,3,0.9844206,3,0.97015005,3,0.9865268,3,0.9511125,3,0.96073085
3,3,0.95963776,3,0.9836393,3,0.98230964,3,0.9686214,3,0.9806846,3,0.92006296,3,0.9367462
3,3,0.91732824,3,0.7458735,11,0.8737441,11,0.771111,3,0.61623377,3,0.48194465,3,0.41736254
3,3,0.95992184,3,0.9863235,3,0.98688984,3,0.9234365,3,0.98752207,3,0.94437164,3,0.9720392
3,3,0.97559583,3,0.98788446,3,0.99110705,3,0.9773685,3,0.98875135,3,0.9570836,3,0.9654389
3,3,0.9616668,3,0.9882145,3,0.98742074,3,0.7354093,3,0.990167,3,0.9613322,3,0.8448292
3,11,0.572561,11,0.976823,11,0.7815884,11,0.7298815,9,0.47789764,11,0.5335459,11,0.89890647
3,3,0.57008946,0,0.60231966,3,0.72826177,3,0.49525142,3,0.9745093,0,0.6539221,3,0.967654
3,3,0.9701201,3,0.98557013,3,0.98924387,3,0.9517126,3,0.98131883,3,0.9065292,3,0.97016954
3,3,0.97520465,3,0.9873274,3,0.991439,3,0.9697967,3,0.98814034,3,0.950021,3,0.95608604
3,2,0.97216845,2,0.7033517,3,0.74129355,3,0.4604171,2,0.9029603,2,0.8781866,3,0.7396485
3,3,0.97134024,3,0.9682837,3,0.985338,3,0.95602936,3,0.983061,3,0.8256481,3,0.96550584
3,3,0.9706259,3,0.98552763,3,0.9907885,3,0.91896373,3,0.99088097,3,0.9415924,3,0.9741235
3,1,0.94754344,1,0.7671508,0,0.6644329,3,0.5347997,1,0.9590977,1,0.8323888,3,0.91702306
3,3,0.97566164,3,0.99054724,3,0.9902796,3,0.8588646,3,0.9869589,3,0.9655036,3,0.9481652
3,3,0.9754346,3,0.986148,3,0.99011,3,0.9673978,3,0.9864144,3,0.9371024,3,0.90390277
3,3,0.9707793,2,0.9593884,2,0.9359493,3,0.8460904,3,0.95249116,2,0.89824975,3,0.57038736
3,0,0.45437816,3,0.5278125,3,0.9829175,11,0.57094854,3,0.97058815,3,0.8245867,11,0.6978508
3,1,0.9618298,1,0.9571664,1,0.98417586,1,0.75251514,3,0.6092313,1,0.8989009,1,0.7318554
3,3,0.96618974,3,0.982557,3,0.9810628,3,0.97155356,3,0.9878946,3,0.95611656,3,0.9685733
3,3,0.7513654,3,0.95799965,3,0.9834601,3,0.94391716,3,0.98789597,3,0.95511925,3,0.9683967
3,3,0.970861,3,0.9892942,3,0.98992527,3,0.9734558,3,0.9892966,3,0.95273197,3,0.9664217
3,3,0.9759051,3,0.98672444,0,0.95916843,3,0.89361787,3,0.9000159,3,0.5822092,3,0.9743927
3,2,0.5832034,2,0.98245585,2,0.95143235,2,0.7574061,2,0.9187377,2,0.8576013,1,0.34744036
3,0,0.9715745,0,0.6619594,0,0.9951165,0,0.987502,3,0.5325998,0,0.91929054,0,0.5959313
3,3,0.5728469,11,0.9685074,11,0.9710159,11,0.6921718,11,0.9404273,3,0.73137987,11,0.9103151
3,3,0.95690715,3,0.9908337,3,0.99011564,3,0.605782,3,0.99020725,3,0.9570488,3,0.96150357
3,3,0.9679561,3,0.9872026,3,0.983126,3,0.9708726,3,0.97617984,3,0.93756586,3,0.9592854
3,0,0.6585084,0,0.48303744,3,0.94829047,0,0.6504427,3,0.9172886,3,0.73570275,3,0.9644943
3,3,0.97572845,2,0.9637471,2,0.9749815,2,0.5516708,2,0.9848178,2,0.4740081,3,0.51824343
3,2,0.96592975,2,0.98873574,2,0.97727567,2,0.8930026,2,0.98403186,2,0.84103346,2,0.95045257
3,0,0.96796036,0,0.88282,0,0.80957687,0,0.81913,3,0.57997245,3,0.88129926,0,0.6811678
3,3,0.970679,3,0.9898392,3,0.99131924,3,0.94423103,3,0.9719178,3,0.9085541,3,0.97117305
5,5,0.89827937,5,0.9862953,5,0.984822,5,0.9698768,5,0.98644805,5,0.9683679,5,0.85580593
5,5,0.72854054,5,0.9876401,5,0.9836061,5,0.9657122,5,0.62305284,5,0.97049975,5,0.8627543
5,5,0.8436435,5,0.9572472,5,0.9323792,5,0.94599074,5,0.9075134,5,0.7548088,5,0.91458255
5,6,0.55050576,6,0.902349,6,0.8212647,6,0.63171273,5,0.5591064,6,0.7867039,6,0.4969909
5,5,0.83929616,5,0.98666686,5,0.98414665,5,0.96801466,5,0.9857782,5,0.960821,5,0.91209054
5,5,0.88214767,5,0.9874428,5,0.9787521,5,0.96822274,5,0.9758354,5,0.9226139,5,0.9187744
5,0,0.7106717,8,0.9661958,8,0.8648189,8,0.8397737,8,0.9777634,5,0.8882528,8,0.8815265
5,5,0.8439557,5,0.9838945,5,0.97575027,5,0.9615826,5,0.9741949,5,0.9657511,5,0.8759275
5,6,0.72679764,5,0.9873333,5,0.98070854,5,0.95017934,5,0.96845007,5,0.88423795,5,0.83882874
5,5,0.74839103,5,0.982941,5,0.978574,5,0.9590126,5,0.7226716,5,0.9166211,5,0.7307534
5,5,0.87153554,6,0.5643376,5,0.9839933,5,0.95785713,5,0.96083724,5,0.9674512,5,0.85741115
5,5,0.8780187,5,0.9824075,5,0.98085636,5,0.9522976,5,0.95713526,5,0.9593115,5,0.9114205
5,5,0.8460702,5,0.98494893,5,0.9795568,5,0.95251185,5,0.9800602,5,0.96309984,5,0.90581435
5,5,0.72628844,5,0.84586215,5,0.7612569,6,0.89236116,5,0.7660013,5,0.9436151,6,0.6684663
5,5,0.7965565,5,0.98049635,5,0.9781024,5,0.74140394,0,0.5576378,5,0.9615028,8,0.7334099
5,5,0.4953175,5,0.9876481,5,0.9830032,5,0.9680108,5,0.985538,5,0.9483628,5,0.9262277
5,5,0.86587155,5,0.9763357,5,0.9761252,5,0.97038525,5,0.9655127,5,0.95291704,5,0.84501064
5,5,0.7710096,5,0.9792651,5,0.96544635,5,0.9340494,5,0.9719192,5,0.94174284,8,0.6641815
5,6,0.9386726,6,0.81352156,5,0.9015218,5,0.774288,6,0.9331603,5,0.9368147,6,0.88874924
5,5,0.8630765,5,0.89593464,5,0.95357436,1,0.94297326,1,0.5888829,5,0.9503628,5,0.8107339
5,5,0.7909277,5,0.9620111,5,0.94460094,5,0.946786,5,0.9567146,5,0.9671348,5,0.8316705
5,5,0.89631784,5,0.9874325,5,0.9807808,5,0.9426113,5,0.98063445,5,0.96560293,5,0.90313023
5,5,0.7584711,5,0.92270464,5,0.9506467,5,0.9159749,5,0.9696984,5,0.9524915,5,0.48316577
5,5,0.81805474,5,0.98170865,5,0.977244,5,0.95496964,5,0.97207224,5,0.95558864,5,0.8472254
5,6,0.66409606,5,0.98694044,5,0.9827101,5,0.9195595,5,0.9794176,5,0.96031445,6,0.78344315
5,5,0.84996164,5,0.9822942,5,0.9755563,5,0.9533452,5,0.9845457,5,0.9648189,5,0.5659687
5,5,0.8956682,5,0.98235947,5,0.83860266,5,0.90682304,8,0.6257498,5,0.6845067,5,0.7368981
5,5,0.7647021,6,0.556273,6,0.84382284,6,0.830916,5,0.9682509,5,0.8904937,6,0.49605983
5,6,0.9242117,5,0.9841664,5,0.9801948,5,0.8544252,5,0.97928226,5,0.9668432,6,0.47813752
5,5,0.8365164,5,0.9862562,5,0.98402184,5,0.9694439,5,0.984681,5,0.96061975,5,0.93980783
5,5,0.89231455,5,0.98672175,5,0.98507905,5,0.9697962,5,0.9855173,5,0.96413267,5,0.914346
10,10,0.78608614,10,0.9756939,10,0.9817322,10,0.9645686,10,0.9792604,10,0.91571635,10,0.8562688
10,6,0.60189176,10,0.9526175,10,0.9706246,5,0.4291565,10,0.9104529,10,0.79018813,10,0.761128
10,10,0.5863287,10,0.972852,10,0.97050124,10,0.90280807,10,0.9727135,10,0.90573543,10,0.6836042
10,10,0.49224073,5,0.9201935,5,0.95478094,5,0.9285564,5,0.93654966,5,0.9268711,10,0.6237257
10,10,0.7546016,10,0.97478545,10,0.9712316,10,0.9014039,10,0.9728114,10,0.8827001,10,0.7928464
10,9,0.5852585,10,0.95658016,10,0.7138547,10,0.58627117,10,0.9552307,10,0.8760692,2,0.4276227
10,5,0.77049077,5,0.61826,10,0.56195426,5,0.9599268,5,0.66252744,5,0.94884855,5,0.7074047
10,10,0.72899425,10,0.9536203,10,0.9700445,10,0.66709644,10,0.9595435,10,0.87108916,10,0.7461302
10,10,0.7590983,10,0.97442925,10,0.97420746,10,0.72017753,10,0.97075576,10,0.64653015,10,0.50687665
10,10,0.7273487,10,0.97430485,10,0.98035276,10,0.96296084,10,0.97072953,10,0.91465276,10,0.84331536
10,6,0.82931596,10,0.74509275,10,0.7832923,10,0.7304183,6,0.65339816,10,0.9009829,10,0.5155624
10,10,0.6775676,10,0.97504526,10,0.96896803,10,0.93518347,10,0.9746207,10,0.8988997,10,0.7120619
10,6,0.5451914,6,0.9256731,6,0.9657674,6,0.8383349,6,0.94390345,6,0.63768876,6,0.43383744
10,6,0.594855,10,0.9767344,10,0.98084,10,0.9487285,10,0.97626024,10,0.88364387,10,0.81817657
10,10,0.47501105,10,0.97780776,10,0.9808882,10,0.9585577,10,0.9785477,10,0.90142286,10,0.84482384
10,5,0.6691843,5,0.959321,5,0.97084236,5,0.9476077,10,0.92646736,5,0.93542457,5,0.85050017
11,11,0.90247625,11,0.9786549,11,0.98202926,11,0.9494379,11,0.97428983,11,0.9375081,11,0.95167094
11,13,0.6398338,11,0.8269108,11,0.96791136,13,0.387167,11,0.68258715,11,0.83936745,11,0.8091027
11,11,0.94248295,11,0.98023593,11,0.9823508,11,0.9604576,11,0.9751702,11,0.9400157,11,0.95303214
11,11,0.93781596,11,0.9805863,11,0.9802674,11,0.95833486,11,0.9728071,11,0.9415001,11,0.9504447
11,11,0.9380898,11,0.9785462,11,0.9824638,11,0.95547545,11,0.9711293,11,0.8990191,11,0.9531023
11,11,0.9208173,11,0.9774901,11,0.978633,11,0.93218297,11,0.9592825,11,0.9396457,11,0.9193154
11,11,0.93742245,11,0.9805028,11,0.97864795,11,0.9561597,11,0.9751671,11,0.93599564,11,0.9562873
11,11,0.9277956,11,0.9778842,11,0.9834493,11,0.9554055,11,0.974912,11,0.8192078,11,0.95256776
11,11,0.7779137,11,0.97914356,11,0.9805001,11,0.9536627,11,0.969099,11,0.77119523,11,0.9459394
11,11,0.9253147,11,0.96800643,11,0.9778382,11,0.95033157,11,0.9600908,11,0.9332037,11,0.86515933
11,11,0.9241702,11,0.97169095,11,0.9790283,11,0.91770303,11,0.96395993,11,0.90076625,11,0.93771046
11,11,0.93537277,11,0.9737148,11,0.9781793,11,0.9540981,11,0.96995676,11,0.91832775,11,0.95163476
11,3,0.9732527,3,0.76025,3,0.8854388,3,0.961011,3,0.6138593,3,0.830933,3,0.8847368
11,11,0.6799869,11,0.9792742,11,0.9800931,11,0.92601484,11,0.96892864,11,0.7938429,11,0.9476189
11,11,0.90708834,11,0.9799486,11,0.9841128,11,0.9539108,11,0.9735145,11,0.93724227,11,0.94139236
12,12,0.9336105,12,0.9685344,12,0.9654027,12,0.94920254,12,0.9765486,12,0.93973255,12,0.9456114
12,12,0.9316956,12,0.96137565,12,0.9665104,12,0.95842105,12,0.9770247,12,0.9365087,12,0.944185
12,12,0.9300888,12,0.9342647,12,0.95216435,12,0.95633703,12,0.97686064,12,0.9357798,12,0.937429
12,12,0.88260335,12,0.90113586,12,0.8240455,12,0.8846567,12,0.97403586,12,0.846515,12,0.93266696
12,12,0.9333578,12,0.94961655,12,0.961562,12,0.96518743,12,0.96643305,12,0.93901354,12,0.9293388
12,12,0.92813784,12,0.9589851,12,0.9584603,12,0.9589489,12,0.9762555,12,0.9348955,12,0.9445904
12,12,0.9303823,12,0.93816364,12,0.9501593,12,0.949479,12,0.9742261,12,0.94034755,12,0.85894585
12,12,0.93587804,12,0.96423763,12,0.96567345,12,0.9596061,12,0.9722764,12,0.9421352,12,0.9401275
12,12,0.92329484,12,0.9223811,7,0.93885946,7,0.75625765,12,0.9651401,12,0.93241864,12,0.9099719
12,12,0.9274833,12,0.9658306,12,0.9679167,12,0.94770133,12,0.9721584,12,0.93475884,12,0.94338495
12,12,0.9302701,12,0.96342367,12,0.9630546,12,0.9669038,12,0.9765722,12,0.9352154,12,0.9387503
12,12,0.93220264,12,0.9620132,12,0.96447855,12,0.95380366,12,0.9768251,12,0.93923634,12,0.93431157
13,9,0.5078004,9,0.8806169,9,0.62157077,13,0.9171048,13,0.5609827,13,0.70439553,9,0.71440107
13,13,0.79673886,13,0.9573711,13,0.4988556,13,0.8851128,13,0.91079926,13,0.85287774,9,0.5998704
13,11,0.90844405,11,0.97573656,11,0.98411405,11,0.8912695,11,0.9463404,11,0.9055694,11,0.9417522
13,13,0.5365912,13,0.7635535,13,0.5721631,13,0.79673755,13,0.92672795,13,0.765832,13,0.5986584
13,0,0.9468704,0,0.8614868,0,0.97935015,0,0.984263,0,0.9207038,13,0.82248485,0,0.98500013
13,11,0.72640216,13,0.9619644,13,0.92626226,13,0.86124754,13,0.84069324,13,0.836238,13,0.5234797
13,0,0.94957185,0,0.97308856,0,0.99564844,0,0.9751061,0,0.99424696,0,0.9235115,0,0.9612563
13,13,0.8628194,13,0.95410806,13,0.8272421,13,0.8703127,13,0.96359986,13,0.7890657,13,0.86998224
13,0,0.8681981,13,0.46089885,0,0.9844748,0,0.8918728,0,0.9828116,0,0.8982176,2,0.64668614
13,0,0.76891714,13,0.6109622,0,0.49103752,0,0.8934881,0,0.50887835,13,0.85205436,0,0.9654308
13,13,0.8553492,13,0.962678,13,0.91040784,13,0.8894688,13,0.9682712,13,0.8019962,13,0.90169895
